{
	"credit": "Made with Blockbench",
	"textures": {
		"0": "custom/basetexture",
		"1": "custom/toptexture",
		"2": "custom/lighttexture",
		"particle": "custom/basetexture"
	},
	"elements": [
		{
			"name": "base",
			"from": [1, 5.5, 4.75],
			"to": [15, 7.5, 16.75],
			"rotation": {"angle": 0, "axis": "y", "origin": [8, 8, 8]},
			"faces": {
				"north": {"uv": [7, 0, 14, 1], "texture": "#0"},
				"east": {"uv": [7, 2, 13, 3], "texture": "#0"},
				"south": {"uv": [7, 1, 14, 2], "texture": "#0"},
				"west": {"uv": [7, 3, 13, 4], "texture": "#0"},
				"up": {"uv": [7, 6, 0, 0], "texture": "#0"},
				"down": {"uv": [7, 6, 0, 12], "texture": "#0"}
			}
		},
		{
			"name": "top",
			"from": [3, 7.5, 5.75],
			"to": [13, 11.5, 15.75],
			"rotation": {"angle": 0, "axis": "y", "origin": [8, 8, 8]},
			"faces": {
				"north": {"uv": [5, 0, 10, 2], "texture": "#1"},
				"east": {"uv": [5, 2, 10, 4], "texture": "#1"},
				"south": {"uv": [5, 4, 10, 6], "texture": "#1"},
				"west": {"uv": [5, 6, 10, 8], "texture": "#1"},
				"up": {"uv": [5, 5, 0, 0], "texture": "#1"},
				"down": {"uv": [5, 5, 0, 10], "texture": "#1"}
			}
		},
		{
			"name": "light",
			"from": [7, 8.5, 4.75],
			"to": [9, 10.5, 5.75],
			"rotation": {"angle": 0, "axis": "y", "origin": [8, 8, 8]},
			"faces": {
				"north": {"uv": [0, 0, 2, 2], "texture": "#2"},
				"east": {"uv": [2, 0, 3, 2], "texture": "#2"},
				"south": {"uv": [0, 2, 2, 4], "texture": "#2"},
				"west": {"uv": [2, 2, 3, 4], "texture": "#2"},
				"up": {"uv": [5, 1, 3, 0], "texture": "#2"},
				"down": {"uv": [5, 1, 3, 2], "texture": "#2"}
			}
		}
	],
	"display": {
		"thirdperson_righthand": {
			"rotation": [69.5, 0, 0],
			"translation": [0, 1.75, -1.75]
		},
		"ground": {
			"translation": [0, 0, -4]
		},
		"gui": {
			"rotation": [180, 0, 180]
		},
		"fixed": {
			"translation": [0, 0, -1.75]
		}
	},
	"groups": [
		{
			"name": "Helmet",
			"origin": [8, 8, 8],
			"color": 0,
			"children": [0, 1, 2]
		}
	]
}